794cd8ec3898f1f963a555d785e87493a6fe6dd0a493723b7da349de,edd07849a8827ef5027c213508477e4add7403f1931554d148dd88f1
0ef165f2cb7270c801298bdd46a2740fe32daaddd786d03e5597a262,7ba2ade4f5e2a9f039a523ffe399aa945c88996f750b39161c164436
b772265c4701f8dd4f1b23fbf32257d63d5ba8e58115cc320de49e47,0336f7c0c8f1d18059915f90f249882bf02093d3761236eaed9f56e2
c168fbca63a475f2b92988b05fb3c11c472e99ca616be13ede818a14,647149f376d75aa3c6719c9ac796a44d021340174fc65de85ee174be
da8664ec60dc93bb420bb33d476d7048944b8383c8c6ed196e9885e7,c5b17874d8ec166b8213130f3052731f884c9b8bc133c8131e21b752
169738ae958d58e56720e2712daa9738a6b7f6326da1911fd1fb04e5,43222a8353668e4718ce17b37afd4846890fd40166bc1564f0072dcb
9f2773ae982f0becfd3e17a5996b2c7eec69e518ce76749c672a3a4b,48ba580300f3d8c9381c3fd7229c16df99bd6d0c1bb281163466455b
04b7c94d6c79ce3a8d3765c058eedbb1baace2816de7250405d3315c,c2612a7c0fa20bccab030848965d21ea3eab03c3d6e2f831a8ceeca7
28404c38339f7caa0744ec594876da7df50a88d21b2aaac9ecf24652,19f0f32f926c2f0b1877d69136f061747d21a12d75080395dcc27656
fa38cea5b357c3f52401ad017c76de507d2df921a9e94bd5238bb42f,8c701fea1c2a071e000f4533ccf6aff67ce291505c887ff6efb35129
3beaac1342881974cf51159ee8cac51a429bdd0d78dca2e7b43e3b73,d64b87d2d345b33d9ec14e563302573535b207be2c4b3faaaebee070
542972aae356d37fc71b105817a3ad0350a62602856a8656bd64e343,f12ef1bdc8bbc7c0b7de6b03eef28349c1118dccc364f71e2a0c1f7d
389304bef59999100bdcb0efb64da13ea41c2c9370aa511f7df85f37,98de4f723035c4b88240b4a2d90903a44e9ed362a104eec04825d64f
32ffb3c2ac4c69b33b6fac544e3b3d26d148ced157cd0e7fb8a5a821,b0fb3124d1d2a3dd3163b6d155cba424135cd511b1879936d3ce96e0
65186c00e7376eadd23772a8ee134eb0ac2d9bd1011d60ba7aab8068,04e52146eadf67f37e6cf572444faf89821ebf44ced7be2e3bc7d329
cdc9b2eba1de87972a473198370d1c45dc7c3f61d064573ebe3c9408,435628113b72ab8944829bfb58882054c706be0a85639ee2a3f84a04
23d584a28745bd842a523ea595ae7c158e377a43270496d436b5111c,696b06bd867a3e153074d038c0087d843c6866c628e14a1e4aec4a20
2531506e5f2f02bd42cbbd39b3f8a181e120eb662b5c85471fa913b3,d1946dc20183d0dded25f3b747d5355f52f42818c6c2d0e50c8b95c9
a222462316d21047f8d6277796da5f9c122ba37749b0bfca2d10590b,71372f0f2e07324f6ea2ed9d29920c5a31ebe2d70342ef42e28b85ff
027af461f5a331cf31ce3a685c1e20633ab122d43e3357477e08d17c,11ff8a7c0d7a2ef4c85f82ab8bccf0dc695c34d4e8e151e0751e9d58
5e3c2806903bd9f4defb6bd874c097328b8834bc96babb1b1964711d,5fa12c5e8ff680e51db3632bd1227dc4bdcf7c992aac1740de0165da
7c3261f94e65f73c44296c246e01086057a4200a353cc86afd5e409e,8ca1c43c8f8e56c9d4ecce482ee2809ce84be4d0aa9b66bfec14fdf8
d6e53697e61afdb84c28e9514e8ebcb58a75bc6928c00d5753297d8c,cc8d27af48261df3704457b8c3f8adc196a5b0b7509c9c45c40673fd
51a87499235b6af9cae72adef8f430b6f08c1c24ce037dd8c8d06449,e5f353ee20ba6ffb5778dac39459e48094217535ae49f3d598b8fadc
80938eaac81c2c5e80647c52f7878940fb40251e4ff162be14ced316,274b5da6cd8e444b52ae37a8c5b801421be61cd72ba113399889dffc
250685068a68b74bae9e563d35feec2bd889a0d7847ecf98b63b2dae,ec8c36bd020032c6478c064e867f9f6157273b721a010243f987ac29
f975e9067191b8ab59bed579a69e781d743e206077fd1356bed97d51,c6f795e0a743fc930a23e3538d1a4ae5efda66520af1e0aacbebe47d
b4849476d1166f7ea6a11a78e846469b11a93f538f356bb652743001,b94fb692d4efb45e18bdce70317b1581e2f0cf635684787956685898
bf6f7eda966eafe862762312965e27b32c9100d04c535bdc180afb92,90e8267886e5d3c3945827e4480035d4bdecc7c036c7dd721cd9c7da
664502dbf65b5903e25cdc7fc863ceff1eb12c7a92f73e4a7d5c83a7,568ec77acafded93ec8a39f4e29d5e7835a3a35bef85c6567b82346c
fed9d134041c31aaaacf64d233da564adedc1332738c44b816992e3c,e5f353ee20ba6ffb5778dac39459e48094217535ae49f3d598b8fadc
6a8a021febc5cbbcf6291b18a50824e324efc7f6ac73dc9362f620fe,dc52857dda9a912d8d97be05c91400983e8c4d27b36d1428ad4e612b
